{"cameraMode":{"drawMode":0,"name":"Shaded","section":"Shading Mode"},"sceneLighting":true,"audioPlay":false,"sceneViewState":{"m_AlwaysRefresh":false,"showFog":true,"showSkybox":true,"showFlares":true,"showImageEffects":true,"showParticleSystems":true,"showVisualEffectGraphs":true,"m_FxEnabled":true},"in2DMode":false,"pivot":{"x":325.1490783691406,"y":206.98646545410157,"z":-408.75726318359377},"rotation":{"x":-0.050668079406023028,"y":0.002992521272972226,"z":0.00015056150732561946,"w":0.9987081289291382},"size":46.6734733581543,"orthographic":false}