{"cameraMode":{"drawMode":0,"name":"Shaded","section":"Shading Mode"},"sceneLighting":true,"audioPlay":false,"sceneViewState":{"m_AlwaysRefresh":false,"showFog":true,"showSkybox":true,"showFlares":true,"showImageEffects":true,"showParticleSystems":true,"showVisualEffectGraphs":true,"m_FxEnabled":true},"in2DMode":false,"pivot":{"x":-4.697438716888428,"y":-3.6138436794281008,"z":8.94709587097168},"rotation":{"x":0.037776246666908267,"y":-0.03597009927034378,"z":0.001359269255772233,"w":0.9986342191696167},"size":18.027755737304689,"orthographic":false}