{"cameraMode":{"drawMode":0,"name":"Shaded","section":"Shading Mode"},"sceneLighting":true,"audioPlay":false,"sceneViewState":{"m_AlwaysRefresh":false,"showFog":true,"showSkybox":true,"showFlares":true,"showImageEffects":true,"showParticleSystems":true,"showVisualEffectGraphs":true,"m_FxEnabled":true},"in2DMode":false,"pivot":{"x":-5.966581344604492,"y":-22.16272735595703,"z":65.47532653808594},"rotation":{"x":-0.17325976490974427,"y":0.043415043503046039,"z":-0.007645165082067251,"w":-0.9838896989822388},"size":45.66557693481445,"orthographic":false}